[{"fields": {"created": "2015-06-05T15:24:28.189Z", "last_executed": "2015-06-05T15:27:49.636Z", "notes": "", "modified": "2015-06-05T15:27:49.636Z", "last_result": "264 object(s) created", "dependency_order": 1}, "model": "superlachaise_api.admincommand", "pk": "sync_openstreetmap"}, {"fields": {"created": "2015-06-05T15:24:28.207Z", "last_executed": "2015-06-05T15:43:09.288Z", "notes": "", "modified": "2015-06-05T15:43:09.288Z", "last_result": "No modifications", "dependency_order": 5}, "model": "superlachaise_api.admincommand", "pk": "sync_superlachaise_occupations"}, {"fields": {"created": "2015-06-05T15:24:28.212Z", "last_executed": "2015-06-05T15:52:10.349Z", "notes": "", "modified": "2015-06-05T15:52:10.349Z", "last_result": "6 object(s) modified", "dependency_order": 6}, "model": "superlachaise_api.admincommand", "pk": "sync_superlachaise_pois"}, {"fields": {"created": "2015-06-05T15:24:28.194Z", "last_executed": "2015-06-05T15:35:41.558Z", "notes": "", "modified": "2015-06-05T15:35:41.558Z", "last_result": "270 object(s) created", "dependency_order": 2}, "model": "superlachaise_api.admincommand", "pk": "sync_wikidata"}, {"fields": {"created": "2015-06-05T15:24:28.198Z", "last_executed": "2015-06-05T15:39:52.629Z", "notes": "", "modified": "2015-06-05T15:39:52.629Z", "last_result": "254 object(s) created", "dependency_order": 3}, "model": "superlachaise_api.admincommand", "pk": "sync_wikimedia_commons_categories"}, {"fields": {"created": "2015-06-05T15:24:28.203Z", "last_executed": "2015-06-05T15:41:20.914Z", "notes": "", "modified": "2015-06-05T15:41:20.914Z", "last_result": "254 object(s) created", "dependency_order": 4}, "model": "superlachaise_api.admincommand", "pk": "sync_wikimedia_commons_files"}, {"fields": {"notes": "", "description": "English", "modified": "2015-06-05T15:24:28.224Z", "created": "2015-06-05T15:24:28.223Z"}, "model": "superlachaise_api.language", "pk": "en"}, {"fields": {"notes": "", "description": "French", "modified": "2015-06-05T15:24:28.219Z", "created": "2015-06-05T15:24:28.218Z"}, "model": "superlachaise_api.language", "pk": "fr"}, {"fields": {"notes": "", "description": "If set to 'true', new modifications are applied immediately after being created. If set to 'false', a pending modification is created and must be manually accepted.", "modified": "2015-06-05T15:24:28.229Z", "value": "false", "created": "2015-06-05T15:24:28.228Z"}, "model": "superlachaise_api.setting", "pk": "openstreetmap:auto_apply_modifications"}, {"fields": {"notes": "", "description": "The geographical area where to sync OpenStreetMap data : <min lat>,<min lon>,<max lat>,<max lon>", "modified": "2015-06-05T15:24:28.234Z", "value": "48.8575,2.3877,48.8649,2.4006", "created": "2015-06-05T15:24:28.233Z"}, "model": "superlachaise_api.setting", "pk": "openstreetmap:bounding_box"}, {"fields": {"notes": "", "description": "The OpenStreetMap IDs to exclude from syncing", "modified": "2015-06-05T15:24:28.239Z", "value": "[{\"type\": \"node\", \"id\": 1688357881}]", "created": "2015-06-05T15:24:28.238Z"}, "model": "superlachaise_api.setting", "pk": "openstreetmap:exclude_ids"}, {"fields": {"notes": "", "description": "The OpenStreetMap tags to sync (nodes, ways or relations)", "modified": "2015-06-05T15:24:28.243Z", "value": "[\"historic=tomb\", \"historic=memorial\"]", "created": "2015-06-05T15:24:28.242Z"}, "model": "superlachaise_api.setting", "pk": "openstreetmap:synced_tags"}, {"fields": {"notes": "", "description": "If set to 'true', new modifications are applied immediately after being created. If set to 'false', a pending modification is created and must be manually accepted.", "modified": "2015-06-05T15:24:28.276Z", "value": "false", "created": "2015-06-05T15:24:28.275Z"}, "model": "superlachaise_api.setting", "pk": "superlachaise_poi:auto_apply_modifications"}, {"fields": {"notes": "", "description": "The list of wikidata codes for cemeteries where to look for tomb data (property P119)", "modified": "2015-06-05T15:24:28.248Z", "value": "[\"Q311\", \"Q3006253\"]", "created": "2015-06-05T15:24:28.246Z"}, "model": "superlachaise_api.setting", "pk": "wikidata:accepted_locations_of_burial"}, {"fields": {"notes": "", "description": "If set to 'true', new modifications are applied immediately after being created. If set to 'false', a pending modification is created and must be manually accepted.", "modified": "2015-06-05T15:24:28.252Z", "value": "false", "created": "2015-06-05T15:24:28.251Z"}, "model": "superlachaise_api.setting", "pk": "wikidata:auto_apply_modifications"}, {"fields": {"notes": "", "description": "If set to 'true', new modifications are applied immediately after being created. If set to 'false', a pending modification is created and must be manually accepted.", "modified": "2015-06-05T15:24:28.258Z", "value": "false", "created": "2015-06-05T15:24:28.256Z"}, "model": "superlachaise_api.setting", "pk": "wikimedia_commons:auto_apply_modifications"}, {"fields": {"notes": "", "description": "If set to 'true', only the main image from Wikimedia Commons categories will be synced. If set to 'false', all images will be synced.", "modified": "2015-06-05T15:24:28.267Z", "value": "true", "created": "2015-06-05T15:24:28.265Z"}, "model": "superlachaise_api.setting", "pk": "wikimedia_commons:sync_only_main_image"}, {"fields": {"notes": "", "description": "The values of 'instance_of' fields of Wikidata entries for which Wikimedia Commons categories should be synced (note: Wikimedia Commons grave categories will always be synced).", "modified": "2015-06-05T15:24:28.262Z", "value": "[\"Q173387\", \"Q16423655\", \"Q575759\", \"Q860861\", \"Q42948\"]", "created": "2015-06-05T15:24:28.261Z"}, "model": "superlachaise_api.setting", "pk": "wikimedia_commons:synced_instance_of"}, {"fields": {"notes": "", "description": "The thumbnail width to request when syncing Wikimedia Commons files.", "modified": "2015-06-05T15:24:28.271Z", "value": "350", "created": "2015-06-05T15:24:28.270Z"}, "model": "superlachaise_api.setting", "pk": "wikimedia_commons:thumbnail_width"}, {"fields": {"values": "", "notes": "", "type": "occupation", "modified": "2015-06-05T15:59:35.207Z", "created": "2015-06-05T14:52:46.862Z"}, "model": "superlachaise_api.superlachaisecategory", "pk": "art"}, {"fields": {"values": "", "notes": "", "type": "occupation", "modified": "2015-06-05T16:00:00.436Z", "created": "2015-06-05T15:03:41.570Z"}, "model": "superlachaise_api.superlachaisecategory", "pk": "cinema"}, {"fields": {"values": "Q6581072", "notes": "", "type": "sex_or_gender", "modified": "2015-06-05T16:05:58.733Z", "created": "2015-06-05T14:51:43.445Z"}, "model": "superlachaise_api.superlachaisecategory", "pk": "female"}, {"fields": {"values": "", "notes": "", "type": "occupation", "modified": "2015-06-05T16:00:13.057Z", "created": "2015-06-05T15:04:18.576Z"}, "model": "superlachaise_api.superlachaisecategory", "pk": "literature"}, {"fields": {"values": "Q6581097", "notes": "", "type": "sex_or_gender", "modified": "2015-06-05T16:06:09.258Z", "created": "2015-06-05T14:51:43.430Z"}, "model": "superlachaise_api.superlachaisecategory", "pk": "male"}, {"fields": {"values": "", "notes": "", "type": "occupation", "modified": "2015-06-05T16:00:57.749Z", "created": "2015-06-05T15:06:17.686Z"}, "model": "superlachaise_api.superlachaisecategory", "pk": "medias"}, {"fields": {"values": "memorial", "notes": "", "type": "element_nature", "modified": "2015-06-05T15:59:47.840Z", "created": "2015-06-05T14:51:43.414Z"}, "model": "superlachaise_api.superlachaisecategory", "pk": "memorial"}, {"fields": {"values": "", "notes": "", "type": "occupation", "modified": "2015-06-05T16:01:35.625Z", "created": "2015-06-05T15:04:42.346Z"}, "model": "superlachaise_api.superlachaisecategory", "pk": "military"}, {"fields": {"values": "", "notes": "", "type": "occupation", "modified": "2015-06-05T16:01:48.410Z", "created": "2015-06-05T15:04:26.962Z"}, "model": "superlachaise_api.superlachaisecategory", "pk": "music"}, {"fields": {"values": "", "notes": "", "type": "occupation", "modified": "2015-06-05T16:01:59.988Z", "created": "2015-06-05T15:49:36.371Z"}, "model": "superlachaise_api.superlachaisecategory", "pk": "other"}, {"fields": {"values": "", "notes": "", "type": "occupation", "modified": "2015-06-05T16:02:24.970Z", "created": "2015-06-05T15:51:13.035Z"}, "model": "superlachaise_api.superlachaisecategory", "pk": "performing_arts"}, {"fields": {"values": "", "notes": "", "type": "occupation", "modified": "2015-06-05T16:02:39.398Z", "created": "2015-06-05T15:05:20.538Z"}, "model": "superlachaise_api.superlachaisecategory", "pk": "philosophy"}, {"fields": {"values": "", "notes": "", "type": "occupation", "modified": "2015-06-05T16:02:52.242Z", "created": "2015-06-05T15:04:51.077Z"}, "model": "superlachaise_api.superlachaisecategory", "pk": "politics"}, {"fields": {"values": "", "notes": "", "type": "occupation", "modified": "2015-06-05T16:04:26.453Z", "created": "2015-06-05T15:03:58.480Z"}, "model": "superlachaise_api.superlachaisecategory", "pk": "research"}, {"fields": {"values": "", "notes": "", "type": "occupation", "modified": "2015-06-05T16:04:39.423Z", "created": "2015-06-05T15:04:58.824Z"}, "model": "superlachaise_api.superlachaisecategory", "pk": "theatre"}, {"fields": {"values": "tomb", "notes": "", "type": "element_nature", "modified": "2015-06-05T15:59:41.410Z", "created": "2015-06-05T14:51:43.398Z"}, "model": "superlachaise_api.superlachaisecategory", "pk": "tomb"}, {"fields": {"values": "", "notes": "", "type": "occupation", "modified": "2015-06-05T16:05:46.038Z", "created": "2015-06-05T15:04:35.494Z"}, "model": "superlachaise_api.superlachaisecategory", "pk": "urbanism"}, {"fields": {"superlachaise_category": "memorial", "name": "Memorials", "language": "en", "created": "2015-06-05T15:59:12.294Z", "notes": "", "modified": "2015-06-05T15:59:47.842Z"}, "model": "superlachaise_api.superlachaiselocalizedcategory", "pk": 1}, {"fields": {"superlachaise_category": "memorial", "name": "M\u00e9moriaux", "language": "fr", "created": "2015-06-05T15:59:12.295Z", "notes": "", "modified": "2015-06-05T15:59:47.844Z"}, "model": "superlachaise_api.superlachaiselocalizedcategory", "pk": 2}, {"fields": {"superlachaise_category": "tomb", "name": "Tombs", "language": "en", "created": "2015-06-05T15:59:24.205Z", "notes": "", "modified": "2015-06-05T15:59:41.413Z"}, "model": "superlachaise_api.superlachaiselocalizedcategory", "pk": 3}, {"fields": {"superlachaise_category": "tomb", "name": "Tombes", "language": "fr", "created": "2015-06-05T15:59:24.207Z", "notes": "", "modified": "2015-06-05T15:59:41.415Z"}, "model": "superlachaise_api.superlachaiselocalizedcategory", "pk": 4}, {"fields": {"superlachaise_category": "art", "name": "Art", "language": "en", "created": "2015-06-05T15:59:35.209Z", "notes": "", "modified": "2015-06-05T15:59:35.209Z"}, "model": "superlachaise_api.superlachaiselocalizedcategory", "pk": 5}, {"fields": {"superlachaise_category": "art", "name": "Art", "language": "fr", "created": "2015-06-05T15:59:35.210Z", "notes": "", "modified": "2015-06-05T15:59:35.210Z"}, "model": "superlachaise_api.superlachaiselocalizedcategory", "pk": 6}, {"fields": {"superlachaise_category": "cinema", "name": "Cinema", "language": "en", "created": "2015-06-05T16:00:00.438Z", "notes": "", "modified": "2015-06-05T16:00:00.438Z"}, "model": "superlachaise_api.superlachaiselocalizedcategory", "pk": 7}, {"fields": {"superlachaise_category": "cinema", "name": "Cin\u00e9ma", "language": "fr", "created": "2015-06-05T16:00:00.440Z", "notes": "", "modified": "2015-06-05T16:00:00.440Z"}, "model": "superlachaise_api.superlachaiselocalizedcategory", "pk": 8}, {"fields": {"superlachaise_category": "literature", "name": "Literature", "language": "en", "created": "2015-06-05T16:00:13.060Z", "notes": "", "modified": "2015-06-05T16:00:13.061Z"}, "model": "superlachaise_api.superlachaiselocalizedcategory", "pk": 9}, {"fields": {"superlachaise_category": "literature", "name": "Litt\u00e9rature", "language": "fr", "created": "2015-06-05T16:00:13.062Z", "notes": "", "modified": "2015-06-05T16:00:13.062Z"}, "model": "superlachaise_api.superlachaiselocalizedcategory", "pk": 10}, {"fields": {"superlachaise_category": "medias", "name": "M\u00e9dias", "language": "fr", "created": "2015-06-05T16:00:57.751Z", "notes": "", "modified": "2015-06-05T16:00:57.751Z"}, "model": "superlachaise_api.superlachaiselocalizedcategory", "pk": 11}, {"fields": {"superlachaise_category": "medias", "name": "Medias", "language": "en", "created": "2015-06-05T16:00:57.752Z", "notes": "", "modified": "2015-06-05T16:00:57.752Z"}, "model": "superlachaise_api.superlachaiselocalizedcategory", "pk": 12}, {"fields": {"superlachaise_category": "military", "name": "Military", "language": "en", "created": "2015-06-05T16:01:35.627Z", "notes": "", "modified": "2015-06-05T16:01:35.627Z"}, "model": "superlachaise_api.superlachaiselocalizedcategory", "pk": 13}, {"fields": {"superlachaise_category": "military", "name": "Arm\u00e9e", "language": "fr", "created": "2015-06-05T16:01:35.628Z", "notes": "", "modified": "2015-06-05T16:01:35.628Z"}, "model": "superlachaise_api.superlachaiselocalizedcategory", "pk": 14}, {"fields": {"superlachaise_category": "music", "name": "Music", "language": "en", "created": "2015-06-05T16:01:48.412Z", "notes": "", "modified": "2015-06-05T16:01:48.412Z"}, "model": "superlachaise_api.superlachaiselocalizedcategory", "pk": 15}, {"fields": {"superlachaise_category": "music", "name": "Musique", "language": "fr", "created": "2015-06-05T16:01:48.413Z", "notes": "", "modified": "2015-06-05T16:01:48.413Z"}, "model": "superlachaise_api.superlachaiselocalizedcategory", "pk": 16}, {"fields": {"superlachaise_category": "other", "name": "Other", "language": "en", "created": "2015-06-05T16:01:59.991Z", "notes": "", "modified": "2015-06-05T16:01:59.991Z"}, "model": "superlachaise_api.superlachaiselocalizedcategory", "pk": 17}, {"fields": {"superlachaise_category": "other", "name": "Autre", "language": "fr", "created": "2015-06-05T16:01:59.992Z", "notes": "", "modified": "2015-06-05T16:01:59.992Z"}, "model": "superlachaise_api.superlachaiselocalizedcategory", "pk": 18}, {"fields": {"superlachaise_category": "performing_arts", "name": "Performing arts", "language": "en", "created": "2015-06-05T16:02:24.972Z", "notes": "", "modified": "2015-06-05T16:02:24.972Z"}, "model": "superlachaise_api.superlachaiselocalizedcategory", "pk": 19}, {"fields": {"superlachaise_category": "performing_arts", "name": "Spectacle vivant", "language": "fr", "created": "2015-06-05T16:02:24.974Z", "notes": "", "modified": "2015-06-05T16:02:24.974Z"}, "model": "superlachaise_api.superlachaiselocalizedcategory", "pk": 20}, {"fields": {"superlachaise_category": "philosophy", "name": "Philosophy", "language": "en", "created": "2015-06-05T16:02:39.400Z", "notes": "", "modified": "2015-06-05T16:02:39.400Z"}, "model": "superlachaise_api.superlachaiselocalizedcategory", "pk": 21}, {"fields": {"superlachaise_category": "philosophy", "name": "Philosophie", "language": "fr", "created": "2015-06-05T16:02:39.401Z", "notes": "", "modified": "2015-06-05T16:02:39.401Z"}, "model": "superlachaise_api.superlachaiselocalizedcategory", "pk": 22}, {"fields": {"superlachaise_category": "politics", "name": "Politics", "language": "en", "created": "2015-06-05T16:02:52.245Z", "notes": "", "modified": "2015-06-05T16:02:52.245Z"}, "model": "superlachaise_api.superlachaiselocalizedcategory", "pk": 23}, {"fields": {"superlachaise_category": "politics", "name": "Politique", "language": "fr", "created": "2015-06-05T16:02:52.246Z", "notes": "", "modified": "2015-06-05T16:02:52.246Z"}, "model": "superlachaise_api.superlachaiselocalizedcategory", "pk": 24}, {"fields": {"superlachaise_category": "research", "name": "Recherche scientifique", "language": "fr", "created": "2015-06-05T16:04:26.455Z", "notes": "", "modified": "2015-06-05T16:04:26.455Z"}, "model": "superlachaise_api.superlachaiselocalizedcategory", "pk": 25}, {"fields": {"superlachaise_category": "research", "name": "Research", "language": "en", "created": "2015-06-05T16:04:26.456Z", "notes": "", "modified": "2015-06-05T16:04:26.457Z"}, "model": "superlachaise_api.superlachaiselocalizedcategory", "pk": 26}, {"fields": {"superlachaise_category": "theatre", "name": "Theatre", "language": "en", "created": "2015-06-05T16:04:39.427Z", "notes": "", "modified": "2015-06-05T16:04:39.427Z"}, "model": "superlachaise_api.superlachaiselocalizedcategory", "pk": 27}, {"fields": {"superlachaise_category": "theatre", "name": "Th\u00e9\u00e2tre", "language": "fr", "created": "2015-06-05T16:04:39.431Z", "notes": "", "modified": "2015-06-05T16:04:39.431Z"}, "model": "superlachaise_api.superlachaiselocalizedcategory", "pk": 28}, {"fields": {"superlachaise_category": "urbanism", "name": "Urban planning", "language": "en", "created": "2015-06-05T16:05:46.040Z", "notes": "", "modified": "2015-06-05T16:05:46.040Z"}, "model": "superlachaise_api.superlachaiselocalizedcategory", "pk": 29}, {"fields": {"superlachaise_category": "urbanism", "name": "Urbanisme", "language": "fr", "created": "2015-06-05T16:05:46.042Z", "notes": "", "modified": "2015-06-05T16:05:46.042Z"}, "model": "superlachaise_api.superlachaiselocalizedcategory", "pk": 30}, {"fields": {"superlachaise_category": "female", "name": "Women", "language": "en", "created": "2015-06-05T16:05:58.736Z", "notes": "", "modified": "2015-06-05T16:05:58.736Z"}, "model": "superlachaise_api.superlachaiselocalizedcategory", "pk": 31}, {"fields": {"superlachaise_category": "female", "name": "Femmes", "language": "fr", "created": "2015-06-05T16:05:58.738Z", "notes": "", "modified": "2015-06-05T16:05:58.738Z"}, "model": "superlachaise_api.superlachaiselocalizedcategory", "pk": 32}, {"fields": {"superlachaise_category": "male", "name": "Men", "language": "en", "created": "2015-06-05T16:06:09.261Z", "notes": "", "modified": "2015-06-05T16:06:09.261Z"}, "model": "superlachaise_api.superlachaiselocalizedcategory", "pk": 33}, {"fields": {"superlachaise_category": "male", "name": "Hommes", "language": "fr", "created": "2015-06-05T16:06:09.262Z", "notes": "", "modified": "2015-06-05T16:06:09.262Z"}, "model": "superlachaise_api.superlachaiselocalizedcategory", "pk": 34}, {"fields": {"superlachaise_category": "art", "name": "(fr)peintre; (en)painter", "created": "2015-06-04T23:46:25.316Z", "notes": "", "used_in": [], "modified": "2015-06-05T15:43:08.858Z"}, "model": "superlachaise_api.superlachaiseoccupation", "pk": "Q1028181"}, {"fields": {"superlachaise_category": null, "name": "(fr)pharmacien; (en)pharmacist", "created": "2015-06-04T23:46:25.645Z", "notes": "", "used_in": [], "modified": "2015-06-05T15:43:08.862Z"}, "model": "superlachaise_api.superlachaiseoccupation", "pk": "Q105186"}, {"fields": {"superlachaise_category": null, "name": "(en)art collector; (fr)collectionneur d'art", "created": "2015-06-04T23:46:25.839Z", "notes": "", "used_in": [], "modified": "2015-06-05T15:43:08.864Z"}, "model": "superlachaise_api.superlachaiseoccupation", "pk": "Q10732476"}, {"fields": {"superlachaise_category": "cinema", "name": "(en)film actor; (fr)acteur de films", "created": "2015-06-04T23:46:25.241Z", "notes": "", "used_in": [], "modified": "2015-06-05T15:43:08.867Z"}, "model": "superlachaise_api.superlachaiseoccupation", "pk": "Q10800557"}, {"fields": {"superlachaise_category": "research", "name": "(fr)anatomiste; (en)anatomist", "created": "2015-06-04T23:46:25.733Z", "notes": "", "used_in": [], "modified": "2015-06-05T15:43:08.869Z"}, "model": "superlachaise_api.superlachaiseoccupation", "pk": "Q10872101"}, {"fields": {"superlachaise_category": "research", "name": "(en)astronomer; (fr)astronome", "created": "2015-06-04T23:46:25.575Z", "notes": "", "used_in": [], "modified": "2015-06-05T15:43:08.873Z"}, "model": "superlachaise_api.superlachaiseoccupation", "pk": "Q11063"}, {"fields": {"superlachaise_category": "medias", "name": "(en)cartoonist; (fr)dessinateur de presse", "created": "2015-06-04T23:46:26.686Z", "notes": "", "used_in": [], "modified": "2015-06-05T15:43:08.875Z"}, "model": "superlachaise_api.superlachaiseoccupation", "pk": "Q1114448"}, {"fields": {"superlachaise_category": "literature", "name": "(fr)essayiste; (en)essayist", "created": "2015-06-04T23:46:25.621Z", "notes": "", "used_in": [], "modified": "2015-06-05T15:43:08.879Z"}, "model": "superlachaise_api.superlachaiseoccupation", "pk": "Q11774202"}, {"fields": {"superlachaise_category": null, "name": "(en)homeopath", "created": "2015-06-04T23:46:25.633Z", "notes": "", "used_in": [], "modified": "2015-06-05T15:43:08.882Z"}, "model": "superlachaise_api.superlachaiseoccupation", "pk": "Q12020057"}, {"fields": {"superlachaise_category": null, "name": "(en)typographer; (fr)typographe", "created": "2015-06-04T23:46:25.684Z", "notes": "", "used_in": [], "modified": "2015-06-05T15:43:08.885Z"}, "model": "superlachaise_api.superlachaiseoccupation", "pk": "Q1229025"}, {"fields": {"superlachaise_category": null, "name": "(en)theologian; (fr)th\u00e9ologien", "created": "2015-06-05T01:26:17.609Z", "notes": "", "used_in": [], "modified": "2015-06-05T15:43:08.888Z"}, "model": "superlachaise_api.superlachaiseoccupation", "pk": "Q1234713"}, {"fields": {"superlachaise_category": "music", "name": "(en)violinist; (fr)violoniste", "created": "2015-06-04T23:46:27.290Z", "notes": "", "used_in": [], "modified": "2015-06-05T15:43:08.891Z"}, "model": "superlachaise_api.superlachaiseoccupation", "pk": "Q1259917"}, {"fields": {"superlachaise_category": "music", "name": "(fr)saxophoniste; (en)saxophonist", "created": "2015-06-04T23:46:26.659Z", "notes": "", "used_in": [], "modified": "2015-06-05T15:43:08.894Z"}, "model": "superlachaise_api.superlachaiseoccupation", "pk": "Q12800682"}, {"fields": {"superlachaise_category": "art", "name": "(fr)sculpteur; (en)sculptor", "created": "2015-06-04T23:46:25.320Z", "notes": "", "used_in": [], "modified": "2015-06-05T15:43:08.897Z"}, "model": "superlachaise_api.superlachaiseoccupation", "pk": "Q1281618"}, {"fields": {"superlachaise_category": null, "name": "(en,fr)entrepreneur", "created": "2015-06-04T23:46:25.292Z", "notes": "", "used_in": [], "modified": "2015-06-05T15:43:08.900Z"}, "model": "superlachaise_api.superlachaiseoccupation", "pk": "Q131524"}, {"fields": {"superlachaise_category": null, "name": "(en)rabbi; (fr)rabbin", "created": "2015-06-05T01:26:17.474Z", "notes": "", "used_in": [], "modified": "2015-06-05T15:43:08.903Z"}, "model": "superlachaise_api.superlachaiseoccupation", "pk": "Q133485"}, {"fields": {"superlachaise_category": "music", "name": "(en,fr)chansonnier", "created": "2015-06-04T23:46:25.253Z", "notes": "", "used_in": [], "modified": "2015-06-05T15:43:08.906Z"}, "model": "superlachaise_api.superlachaiseoccupation", "pk": "Q13391399"}, {"fields": {"superlachaise_category": "research", "name": "(fr)min\u00e9ralogiste; (en)mineralogist", "created": "2015-06-04T23:46:26.906Z", "notes": "", "used_in": [], "modified": "2015-06-05T15:43:08.909Z"}, "model": "superlachaise_api.superlachaiseoccupation", "pk": "Q13416354"}, {"fields": {"superlachaise_category": null, "name": "(en)philologist; (fr)philologue", "created": "2015-06-04T23:46:25.908Z", "notes": "", "used_in": [], "modified": "2015-06-05T15:43:08.911Z"}, "model": "superlachaise_api.superlachaiseoccupation", "pk": "Q13418253"}, {"fields": {"superlachaise_category": null, "name": "(en)philanthropist; (fr)philanthrope", "created": "2015-06-04T23:46:25.954Z", "notes": "", "used_in": [], "modified": "2015-06-05T15:43:08.914Z"}, "model": "superlachaise_api.superlachaiseoccupation", "pk": "Q13472585"}, {"fields": {"superlachaise_category": "research", "name": "(en)egyptologist; (fr)\u00e9gyptologue", "created": "2015-06-04T23:46:26.165Z", "notes": "", "used_in": [], "modified": "2015-06-05T15:43:08.917Z"}, "model": "superlachaise_api.superlachaiseoccupation", "pk": "Q1350189"}, {"fields": {"superlachaise_category": "urbanism", "name": "(fr)ing\u00e9nieur civil; (en)civil engineer", "created": "2015-06-04T23:46:25.806Z", "notes": "", "used_in": [], "modified": "2015-06-05T15:43:08.921Z"}, "model": "superlachaise_api.superlachaiseoccupation", "pk": "Q13582652"}, {"fields": {"superlachaise_category": "research", "name": "(en)ethnologist; (fr)ethnologue", "created": "2015-06-04T23:46:26.484Z", "notes": "", "used_in": [], "modified": "2015-06-05T15:43:08.924Z"}, "model": "superlachaise_api.superlachaiseoccupation", "pk": "Q1371378"}, {"fields": {"superlachaise_category": null, "name": "(fr)joueur de rugby \u00e0 XV; (en)rugby union player", "created": "2015-06-05T01:26:16.958Z", "notes": "", "used_in": [], "modified": "2015-06-05T15:43:08.927Z"}, "model": "superlachaise_api.superlachaiseoccupation", "pk": "Q14089670"}, {"fields": {"superlachaise_category": null, "name": "(fr)magnat des m\u00e9dias; (en)media proprietor", "created": "2015-06-04T23:46:25.357Z", "notes": "", "used_in": [], "modified": "2015-06-05T15:43:08.930Z"}, "model": "superlachaise_api.superlachaiseoccupation", "pk": "Q1420621"}, {"fields": {"superlachaise_category": "research", "name": "(en)linguist; (fr)linguiste", "created": "2015-06-04T23:46:25.915Z", "notes": "", "used_in": [], "modified": "2015-06-05T15:43:08.933Z"}, "model": "superlachaise_api.superlachaiseoccupation", "pk": "Q14467526"}, {"fields": {"superlachaise_category": "research", "name": "(en)logician; (fr)logicien", "created": "2015-06-04T23:46:26.882Z", "notes": "", "used_in": [], "modified": "2015-06-05T15:43:08.937Z"}, "model": "superlachaise_api.superlachaiseoccupation", "pk": "Q14565331"}, {"fields": {"superlachaise_category": null, "name": "(en)draftsperson; (fr)dessinateur en b\u00e2timent", "created": "2015-06-04T23:46:25.817Z", "notes": "", "used_in": [], "modified": "2015-06-05T15:43:08.940Z"}, "model": "superlachaise_api.superlachaiseoccupation", "pk": "Q14623005"}, {"fields": {"superlachaise_category": null, "name": "(en)magician; (fr)magicien", "created": "2015-06-04T23:46:25.541Z", "notes": "", "used_in": [], "modified": "2015-06-05T15:43:08.943Z"}, "model": "superlachaise_api.superlachaiseoccupation", "pk": "Q148401"}, {"fields": {"superlachaise_category": "music", "name": "(en)musicologist; (fr)musicologue", "created": "2015-06-04T23:46:25.984Z", "notes": "", "used_in": [], "modified": "2015-06-05T15:43:08.946Z"}, "model": "superlachaise_api.superlachaiseoccupation", "pk": "Q14915627"}, {"fields": {"superlachaise_category": "art", "name": "(fr)dessinateur; (en)draughtsperson", "created": "2015-06-04T23:46:26.593Z", "notes": "", "used_in": [], "modified": "2015-06-05T15:43:08.949Z"}, "model": "superlachaise_api.superlachaiseoccupation", "pk": "Q15296811"}, {"fields": {"superlachaise_category": "research", "name": "(fr)\u00e9pist\u00e9mologue; (en)epistemologist", "created": "2015-06-04T23:46:25.920Z", "notes": "", "used_in": [], "modified": "2015-06-05T15:43:08.951Z"}, "model": "superlachaise_api.superlachaiseoccupation", "pk": "Q15632482"}, {"fields": {"superlachaise_category": null, "name": "(fr)\u00e9pigraphiste; (en)epigrapher", "created": "2015-06-04T23:46:26.187Z", "notes": "", "used_in": [], "modified": "2015-06-05T15:43:08.954Z"}, "model": "superlachaise_api.superlachaiseoccupation", "pk": "Q15632632"}, {"fields": {"superlachaise_category": "cinema", "name": "(en)film critic; (fr)critique de films", "created": "2015-06-04T23:46:27.076Z", "notes": "", "used_in": [], "modified": "2015-06-05T15:43:08.957Z"}, "model": "superlachaise_api.superlachaiseoccupation", "pk": "Q15809665"}, {"fields": {"superlachaise_category": "music", "name": "(fr)chef d'orchestre; (en)conductor", "created": "2015-06-04T23:46:25.460Z", "notes": "", "used_in": [], "modified": "2015-06-05T15:43:08.960Z"}, "model": "superlachaise_api.superlachaiseoccupation", "pk": "Q158852"}, {"fields": {"superlachaise_category": null, "name": "(fr)ing\u00e9nieur en a\u00e9rospatiale; (en)aerospace engineer", "created": "2015-06-04T23:46:27.365Z", "notes": "", "used_in": [], "modified": "2015-06-05T15:43:08.964Z"}, "model": "superlachaise_api.superlachaiseoccupation", "pk": "Q15895020"}, {"fields": {"superlachaise_category": "research", "name": "(fr)ornithologue; (en)ornithologist", "created": "2015-06-04T23:46:25.754Z", "notes": "", "used_in": [], "modified": "2015-06-05T15:43:08.966Z"}, "model": "superlachaise_api.superlachaiseoccupation", "pk": "Q15921002"}, {"fields": {"superlachaise_category": "literature", "name": "(en)short story writer; (fr)nouvelliste", "created": "2015-06-04T23:46:26.389Z", "notes": "", "used_in": [], "modified": "2015-06-05T15:43:08.969Z"}, "model": "superlachaise_api.superlachaiseoccupation", "pk": "Q15949613"}, {"fields": {"superlachaise_category": null, "name": "(en)literary theorist", "created": "2015-06-04T23:46:25.927Z", "notes": "", "used_in": [], "modified": "2015-06-05T15:43:08.972Z"}, "model": "superlachaise_api.superlachaiseoccupation", "pk": "Q15962340"}, {"fields": {"superlachaise_category": null, "name": "(fr)graveur; (en)printmaker", "created": "2015-06-04T23:46:26.105Z", "notes": "", "used_in": [], "modified": "2015-06-05T15:43:08.975Z"}, "model": "superlachaise_api.superlachaiseoccupation", "pk": "Q15966904"}, {"fields": {"superlachaise_category": "medias", "name": "(fr)satiriste; (en)satirist", "created": "2015-06-04T23:46:27.183Z", "notes": "", "used_in": [], "modified": "2015-06-05T15:43:08.979Z"}, "model": "superlachaise_api.superlachaiseoccupation", "pk": "Q15978391"}, {"fields": {"superlachaise_category": null, "name": "(fr)th\u00e9oricien de la musique; (en)music theorist", "created": "2015-06-04T23:46:25.992Z", "notes": "", "used_in": [], "modified": "2015-06-05T15:43:08.981Z"}, "model": "superlachaise_api.superlachaiseoccupation", "pk": "Q16031530"}, {"fields": {"superlachaise_category": "medias", "name": "(fr)\u00e9diteur; (en)editor", "created": "2015-06-04T23:46:25.275Z", "notes": "", "used_in": [], "modified": "2015-06-05T15:43:08.984Z"}, "model": "superlachaise_api.superlachaiseoccupation", "pk": "Q1607826"}, {"fields": {"superlachaise_category": "music", "name": "(fr)professeur de musique; (en)music educator", "created": "2015-06-04T23:46:25.375Z", "notes": "", "used_in": [], "modified": "2015-06-05T15:43:08.987Z"}, "model": "superlachaise_api.superlachaiseoccupation", "pk": "Q16145150"}, {"fields": {"superlachaise_category": null, "name": "(fr)professeur d'universit\u00e9; (en)university professor", "created": "2015-06-04T23:46:26.171Z", "notes": "", "used_in": [], "modified": "2015-06-05T15:43:08.990Z"}, "model": "superlachaise_api.superlachaiseoccupation", "pk": "Q1622272"}, {"fields": {"superlachaise_category": "research", "name": "(fr)pal\u00e9ontologue; (en)paleontologist", "created": "2015-06-04T23:46:25.737Z", "notes": "", "used_in": [], "modified": "2015-06-05T15:43:08.992Z"}, "model": "superlachaise_api.superlachaiseoccupation", "pk": "Q1662561"}, {"fields": {"superlachaise_category": "research", "name": "(en)physicist; (fr)physicien", "created": "2015-06-04T23:46:25.557Z", "notes": "", "used_in": [], "modified": "2015-06-05T15:43:08.995Z"}, "model": "superlachaise_api.superlachaiseoccupation", "pk": "Q169470"}, {"fields": {"superlachaise_category": null, "name": "(en)lithographer; (fr)lithographe", "created": "2015-06-04T23:46:25.829Z", "notes": "", "used_in": [], "modified": "2015-06-05T15:43:08.998Z"}, "model": "superlachaise_api.superlachaiseoccupation", "pk": "Q16947657"}, {"fields": {"superlachaise_category": "research", "name": "(en)mathematician; (fr)math\u00e9maticien", "created": "2015-06-04T23:46:25.580Z", "notes": "", "used_in": [], "modified": "2015-06-05T15:43:09.001Z"}, "model": "superlachaise_api.superlachaiseoccupation", "pk": "Q170790"}, {"fields": {"superlachaise_category": null, "name": "(en)medallist; (fr)m\u00e9dailleur", "created": "2015-06-04T23:46:25.999Z", "notes": "", "used_in": [], "modified": "2015-06-05T15:43:09.004Z"}, "model": "superlachaise_api.superlachaiseoccupation", "pk": "Q1708232"}, {"fields": {"superlachaise_category": "music", "name": "(fr)trompettiste; (en)trumpeter", "created": "2015-06-04T23:46:26.652Z", "notes": "", "used_in": [], "modified": "2015-06-05T15:43:09.007Z"}, "model": "superlachaise_api.superlachaiseoccupation", "pk": "Q17093672"}, {"fields": {"superlachaise_category": null, "name": "(en)printer; (fr)imprimeur", "created": "2015-06-04T23:46:27.433Z", "notes": "", "used_in": [], "modified": "2015-06-05T15:43:09.010Z"}, "model": "superlachaise_api.superlachaiseoccupation", "pk": "Q175151"}, {"fields": {"superlachaise_category": "music", "name": "(fr)chanteur; (en)singer", "created": "2015-06-04T23:46:25.258Z", "notes": "", "used_in": [], "modified": "2015-06-05T15:43:09.014Z"}, "model": "superlachaise_api.superlachaiseoccupation", "pk": "Q177220"}, {"fields": {"superlachaise_category": null, "name": "(en)art historian; (fr)historien de l'art", "created": "2015-06-04T23:46:26.951Z", "notes": "", "used_in": [], "modified": "2015-06-05T15:43:09.016Z"}, "model": "superlachaise_api.superlachaiseoccupation", "pk": "Q1792450"}, {"fields": {"superlachaise_category": "literature", "name": "(en)literary; (fr)litt\u00e9raire", "created": "2015-06-04T23:46:25.775Z", "notes": "", "used_in": [], "modified": "2015-06-05T15:43:09.019Z"}, "model": "superlachaise_api.superlachaiseoccupation", "pk": "Q18195617"}, {"fields": {"superlachaise_category": null, "name": "(en)librarian; (fr)biblioth\u00e9caire", "created": "2015-06-04T23:46:25.650Z", "notes": "", "used_in": [], "modified": "2015-06-05T15:43:09.021Z"}, "model": "superlachaise_api.superlachaiseoccupation", "pk": "Q182436"}, {"fields": {"superlachaise_category": null, "name": "(en)jurist; (fr)juriste", "created": "2015-06-04T23:46:26.300Z", "notes": "", "used_in": [], "modified": "2015-06-05T15:43:09.023Z"}, "model": "superlachaise_api.superlachaiseoccupation", "pk": "Q185351"}, {"fields": {"superlachaise_category": "research", "name": "(fr)\u00e9conomiste; (en)economist", "created": "2015-06-04T23:46:26.475Z", "notes": "", "used_in": [], "modified": "2015-06-05T15:43:09.026Z"}, "model": "superlachaise_api.superlachaiseoccupation", "pk": "Q188094"}, {"fields": {"superlachaise_category": "literature", "name": "(en)autobiographer; (fr)autobiographe", "created": "2015-06-04T23:46:25.851Z", "notes": "", "used_in": [], "modified": "2015-06-05T15:43:09.028Z"}, "model": "superlachaise_api.superlachaiseoccupation", "pk": "Q18814623"}, {"fields": {"superlachaise_category": "military", "name": "(fr)officier; (en)officer", "created": "2015-06-04T23:46:26.377Z", "notes": "", "used_in": [], "modified": "2015-06-05T15:43:09.030Z"}, "model": "superlachaise_api.superlachaiseoccupation", "pk": "Q189290"}, {"fields": {"superlachaise_category": "medias", "name": "(fr)journaliste; (en)journalist", "created": "2015-06-04T23:46:25.330Z", "notes": "", "used_in": [], "modified": "2015-06-05T15:43:09.032Z"}, "model": "superlachaise_api.superlachaiseoccupation", "pk": "Q1930187"}, {"fields": {"superlachaise_category": "politics", "name": "(en)diplomat; (fr)diplomate", "created": "2015-06-04T23:46:25.403Z", "notes": "", "used_in": [], "modified": "2015-06-05T15:43:09.035Z"}, "model": "superlachaise_api.superlachaiseoccupation", "pk": "Q193391"}, {"fields": {"superlachaise_category": null, "name": "(fr)fondeur; (en)founder", "created": "2015-06-04T23:46:27.312Z", "notes": "", "used_in": [], "modified": "2015-06-05T15:43:09.037Z"}, "model": "superlachaise_api.superlachaiseoccupation", "pk": "Q19435686"}, {"fields": {"superlachaise_category": null, "name": "(en,fr)financier", "created": "2015-06-04T23:46:27.225Z", "notes": "", "used_in": [], "modified": "2015-06-05T15:43:09.039Z"}, "model": "superlachaise_api.superlachaiseoccupation", "pk": "Q1979607"}, {"fields": {"superlachaise_category": "research", "name": "(fr)historien; (en)historian", "created": "2015-06-04T23:46:26.429Z", "notes": "", "used_in": [], "modified": "2015-06-05T15:43:09.042Z"}, "model": "superlachaise_api.superlachaiseoccupation", "pk": "Q201788"}, {"fields": {"superlachaise_category": "research", "name": "(fr)inventeur; (en)inventor", "created": "2015-06-04T23:46:26.155Z", "notes": "", "used_in": [], "modified": "2015-06-05T15:43:09.044Z"}, "model": "superlachaise_api.superlachaiseoccupation", "pk": "Q205375"}, {"fields": {"superlachaise_category": null, "name": "(en)goldsmith; (fr)orf\u00e8vre", "created": "2015-06-04T23:46:27.393Z", "notes": "", "used_in": [], "modified": "2015-06-05T15:43:09.046Z"}, "model": "superlachaise_api.superlachaiseoccupation", "pk": "Q211423"}, {"fields": {"superlachaise_category": null, "name": "(en)pharmacologist", "created": "2015-06-04T23:46:25.638Z", "notes": "", "used_in": [], "modified": "2015-06-05T15:43:09.049Z"}, "model": "superlachaise_api.superlachaiseoccupation", "pk": "Q2114605"}, {"fields": {"superlachaise_category": null, "name": "(en)psychologist; (fr)psychologue", "created": "2015-06-04T23:46:26.008Z", "notes": "", "used_in": [], "modified": "2015-06-05T15:43:09.051Z"}, "model": "superlachaise_api.superlachaiseoccupation", "pk": "Q212980"}, {"fields": {"superlachaise_category": "theatre", "name": "(fr)dramaturge; (en)playwright", "created": "2015-06-04T23:46:25.767Z", "notes": "", "used_in": [], "modified": "2015-06-05T15:43:09.053Z"}, "model": "superlachaise_api.superlachaiseoccupation", "pk": "Q214917"}, {"fields": {"superlachaise_category": "theatre", "name": "(en)stage actor; (fr)acteur de th\u00e9\u00e2tre", "created": "2015-06-04T23:46:27.176Z", "notes": "", "used_in": [], "modified": "2015-06-05T15:43:09.055Z"}, "model": "superlachaise_api.superlachaiseoccupation", "pk": "Q2259451"}, {"fields": {"superlachaise_category": "research", "name": "(en)sociologist; (fr)sociologue", "created": "2015-06-04T23:46:25.382Z", "notes": "", "used_in": [], "modified": "2015-06-05T15:43:09.058Z"}, "model": "superlachaise_api.superlachaiseoccupation", "pk": "Q2306091"}, {"fields": {"superlachaise_category": "research", "name": "(en)meteorologist; (fr)m\u00e9t\u00e9orologue", "created": "2015-06-04T23:46:27.370Z", "notes": "", "used_in": [], "modified": "2015-06-05T15:43:09.060Z"}, "model": "superlachaise_api.superlachaiseoccupation", "pk": "Q2310145"}, {"fields": {"superlachaise_category": null, "name": "(fr)attach\u00e9 de presse; (en)press agent", "created": "2015-06-04T23:46:27.065Z", "notes": "", "used_in": [], "modified": "2015-06-05T15:43:09.062Z"}, "model": "superlachaise_api.superlachaiseoccupation", "pk": "Q2358549"}, {"fields": {"superlachaise_category": "research", "name": "(fr)botaniste; (en)botanist", "created": "2015-06-04T23:46:26.725Z", "notes": "", "used_in": [], "modified": "2015-06-05T15:43:09.064Z"}, "model": "superlachaise_api.superlachaiseoccupation", "pk": "Q2374149"}, {"fields": {"superlachaise_category": "theatre", "name": "(en)comedian; (fr)humoriste", "created": "2015-06-04T23:46:26.069Z", "notes": "", "used_in": [], "modified": "2015-06-05T15:43:09.067Z"}, "model": "superlachaise_api.superlachaiseoccupation", "pk": "Q245068"}, {"fields": {"superlachaise_category": "performing_arts", "name": "(fr)chor\u00e9graphe; (en)choreographer", "created": "2015-06-04T23:46:25.879Z", "notes": "", "used_in": [], "modified": "2015-06-05T15:51:30.385Z"}, "model": "superlachaise_api.superlachaiseoccupation", "pk": "Q2490358"}, {"fields": {"superlachaise_category": null, "name": "(en)publisher; (fr)\u00e9diteur", "created": "2015-06-04T23:46:25.280Z", "notes": "", "used_in": [], "modified": "2015-06-05T15:43:09.074Z"}, "model": "superlachaise_api.superlachaiseoccupation", "pk": "Q2516866"}, {"fields": {"superlachaise_category": "cinema", "name": "(en)film director; (fr)r\u00e9alisateur", "created": "2015-06-04T23:46:25.536Z", "notes": "", "used_in": [], "modified": "2015-06-05T15:43:09.076Z"}, "model": "superlachaise_api.superlachaiseoccupation", "pk": "Q2526255"}, {"fields": {"superlachaise_category": null, "name": "(fr)animateur; (en)animator", "created": "2015-06-04T23:46:25.546Z", "notes": "", "used_in": [], "modified": "2015-06-05T15:43:09.079Z"}, "model": "superlachaise_api.superlachaiseoccupation", "pk": "Q266569"}, {"fields": {"superlachaise_category": "medias", "name": "(en)radio host; (fr)animateur de radio", "created": "2015-06-04T23:46:25.431Z", "notes": "", "used_in": [], "modified": "2015-06-05T15:43:09.082Z"}, "model": "superlachaise_api.superlachaiseoccupation", "pk": "Q2722764"}, {"fields": {"superlachaise_category": "cinema", "name": "(en)screenwriter; (fr)sc\u00e9nariste", "created": "2015-06-04T23:46:26.766Z", "notes": "", "used_in": [], "modified": "2015-06-05T15:43:09.085Z"}, "model": "superlachaise_api.superlachaiseoccupation", "pk": "Q28389"}, {"fields": {"superlachaise_category": "music", "name": "(fr)artiste lyrique; (en)opera singer", "created": "2015-06-04T23:46:25.712Z", "notes": "", "used_in": [], "modified": "2015-06-05T15:43:09.089Z"}, "model": "superlachaise_api.superlachaiseoccupation", "pk": "Q2865819"}, {"fields": {"superlachaise_category": "cinema", "name": "(en)production designer; (fr)chef d\u00e9corateur", "created": "2015-06-04T23:46:26.625Z", "notes": "", "used_in": [], "modified": "2015-06-05T15:43:09.091Z"}, "model": "superlachaise_api.superlachaiseoccupation", "pk": "Q2962070"}, {"fields": {"superlachaise_category": "literature", "name": "(fr)fabuliste; (en)fabulist", "created": "2015-06-04T23:46:26.995Z", "notes": "", "used_in": [], "modified": "2015-06-05T15:43:09.094Z"}, "model": "superlachaise_api.superlachaiseoccupation", "pk": "Q3064032"}, {"fields": {"superlachaise_category": null, "name": "(fr)Facteur de pianos", "created": "2015-06-04T23:46:26.463Z", "notes": "", "used_in": [], "modified": "2015-06-05T15:43:09.097Z"}, "model": "superlachaise_api.superlachaiseoccupation", "pk": "Q3064175"}, {"fields": {"superlachaise_category": null, "name": "(fr)salonni\u00e8re; (en)salon-holder", "created": "2015-06-04T23:46:25.843Z", "notes": "", "used_in": [], "modified": "2015-06-05T15:43:09.100Z"}, "model": "superlachaise_api.superlachaiseoccupation", "pk": "Q3068305"}, {"fields": {"superlachaise_category": null, "name": "(en)high-ranking civil servant in France; (fr)haut fonctionnaire", "created": "2015-06-04T23:46:25.932Z", "notes": "", "used_in": [], "modified": "2015-06-05T15:43:09.104Z"}, "model": "superlachaise_api.superlachaiseoccupation", "pk": "Q3128486"}, {"fields": {"superlachaise_category": null, "name": "(fr)jurisconsulte", "created": "2015-06-04T23:46:26.351Z", "notes": "", "used_in": [], "modified": "2015-06-05T15:43:09.107Z"}, "model": "superlachaise_api.superlachaiseoccupation", "pk": "Q3190200"}, {"fields": {"superlachaise_category": null, "name": "(fr)liste des premiers pr\u00e9sidents de la Cour de cassation", "created": "2015-06-04T23:46:25.467Z", "notes": "", "used_in": [], "modified": "2015-06-05T15:43:09.111Z"}, "model": "superlachaise_api.superlachaiseoccupation", "pk": "Q3253361"}, {"fields": {"superlachaise_category": "cinema", "name": "(en)film producer; (fr)producteur de cin\u00e9ma", "created": "2015-06-04T23:46:25.300Z", "notes": "", "used_in": [], "modified": "2015-06-05T15:43:09.113Z"}, "model": "superlachaise_api.superlachaiseoccupation", "pk": "Q3282637"}, {"fields": {"superlachaise_category": null, "name": "(fr)graveur; (en)engraver", "created": "2015-06-04T23:46:26.598Z", "notes": "", "used_in": [], "modified": "2015-06-05T15:43:09.115Z"}, "model": "superlachaise_api.superlachaiseoccupation", "pk": "Q329439"}, {"fields": {"superlachaise_category": null, "name": "(en)photographer; (fr)photographe", "created": "2015-06-04T23:46:26.556Z", "notes": "", "used_in": [], "modified": "2015-06-05T15:43:09.118Z"}, "model": "superlachaise_api.superlachaiseoccupation", "pk": "Q33231"}, {"fields": {"superlachaise_category": null, "name": "(en)translator; (fr)traducteur", "created": "2015-06-04T23:46:26.493Z", "notes": "", "used_in": [], "modified": "2015-06-05T15:43:09.121Z"}, "model": "superlachaise_api.superlachaiseoccupation", "pk": "Q333634"}, {"fields": {"superlachaise_category": "theatre", "name": "(fr)metteur en sc\u00e8ne; (en)theatre director", "created": "2015-06-04T23:46:26.761Z", "notes": "", "used_in": [], "modified": "2015-06-05T15:43:09.123Z"}, "model": "superlachaise_api.superlachaiseoccupation", "pk": "Q3387717"}, {"fields": {"superlachaise_category": null, "name": "(fr)acteur; (en)actor", "created": "2015-06-04T23:46:25.248Z", "notes": "", "used_in": [], "modified": "2015-06-05T15:43:09.126Z"}, "model": "superlachaise_api.superlachaiseoccupation", "pk": "Q33999"}, {"fields": {"superlachaise_category": null, "name": "(fr)professeur; (en)teacher", "created": "2015-06-04T23:46:27.042Z", "notes": "", "used_in": [], "modified": "2015-06-05T15:43:09.130Z"}, "model": "superlachaise_api.superlachaiseoccupation", "pk": "Q3406814"}, {"fields": {"superlachaise_category": null, "name": "(fr)clerc de notaire", "created": "2015-06-04T23:46:26.852Z", "notes": "", "used_in": [], "modified": "2015-06-05T15:43:09.133Z"}, "model": "superlachaise_api.superlachaiseoccupation", "pk": "Q3488528"}, {"fields": {"superlachaise_category": null, "name": "(en)chef; (fr)chef cuisinier", "created": "2015-06-04T23:46:26.454Z", "notes": "", "used_in": [], "modified": "2015-06-05T15:43:09.136Z"}, "model": "superlachaise_api.superlachaiseoccupation", "pk": "Q3499072"}, {"fields": {"superlachaise_category": "research", "name": "(fr)zoologue; (en)zoologist", "created": "2015-06-04T23:46:25.749Z", "notes": "", "used_in": [], "modified": "2015-06-05T15:43:09.139Z"}, "model": "superlachaise_api.superlachaiseoccupation", "pk": "Q350979"}, {"fields": {"superlachaise_category": null, "name": "(fr)forain; (en)showman", "created": "2015-06-04T23:46:26.647Z", "notes": "", "used_in": [], "modified": "2015-06-05T15:43:09.142Z"}, "model": "superlachaise_api.superlachaiseoccupation", "pk": "Q355242"}, {"fields": {"superlachaise_category": null, "name": "(fr)\u00e9crivain voyageur; (en)travel writer", "created": "2015-06-04T23:46:26.962Z", "notes": "", "used_in": [], "modified": "2015-06-05T15:43:09.146Z"}, "model": "superlachaise_api.superlachaiseoccupation", "pk": "Q3579035"}, {"fields": {"superlachaise_category": "music", "name": "(fr)\u00c9diteur de musique", "created": "2015-06-04T23:46:26.468Z", "notes": "", "used_in": [], "modified": "2015-06-05T15:43:09.148Z"}, "model": "superlachaise_api.superlachaiseoccupation", "pk": "Q3579159"}, {"fields": {"superlachaise_category": "literature", "name": "(en)writer; (fr)\u00e9crivain", "created": "2015-06-04T23:46:25.267Z", "notes": "", "used_in": [], "modified": "2015-06-05T15:43:09.151Z"}, "model": "superlachaise_api.superlachaiseoccupation", "pk": "Q36180"}, {"fields": {"superlachaise_category": "research", "name": "(en)archaeologist; (fr)arch\u00e9ologue", "created": "2015-06-04T23:46:26.179Z", "notes": "", "used_in": [], "modified": "2015-06-05T15:43:09.154Z"}, "model": "superlachaise_api.superlachaiseoccupation", "pk": "Q3621491"}, {"fields": {"superlachaise_category": "medias", "name": "(fr)caricaturiste; (en)caricaturist", "created": "2015-06-04T23:46:25.821Z", "notes": "", "used_in": [], "modified": "2015-06-05T15:43:09.157Z"}, "model": "superlachaise_api.superlachaiseoccupation", "pk": "Q3658608"}, {"fields": {"superlachaise_category": "music", "name": "(fr)compositeur; (en)composer", "created": "2015-06-04T23:46:25.366Z", "notes": "", "used_in": [], "modified": "2015-06-05T15:43:09.160Z"}, "model": "superlachaise_api.superlachaiseoccupation", "pk": "Q36834"}, {"fields": {"superlachaise_category": null, "name": "(fr)instituteur; (en)teacher", "created": "2015-06-04T23:46:26.132Z", "notes": "", "used_in": [], "modified": "2015-06-05T15:43:09.164Z"}, "model": "superlachaise_api.superlachaiseoccupation", "pk": "Q37226"}, {"fields": {"superlachaise_category": "research", "name": "(fr)m\u00e9decin; (en)physician", "created": "2015-06-04T23:46:25.629Z", "notes": "", "used_in": [], "modified": "2015-06-05T15:43:09.166Z"}, "model": "superlachaise_api.superlachaiseoccupation", "pk": "Q39631"}, {"fields": {"superlachaise_category": null, "name": "(fr)avocat; (en)lawyer", "created": "2015-06-04T23:46:25.325Z", "notes": "", "used_in": [], "modified": "2015-06-05T15:43:09.170Z"}, "model": "superlachaise_api.superlachaiseoccupation", "pk": "Q40348"}, {"fields": {"superlachaise_category": "music", "name": "(en)typesetter; (fr)compositeur", "created": "2015-06-04T23:46:26.459Z", "notes": "", "used_in": [], "modified": "2015-06-05T15:43:09.173Z"}, "model": "superlachaise_api.superlachaiseoccupation", "pk": "Q4108101"}, {"fields": {"superlachaise_category": "literature", "name": "(fr)critique litt\u00e9raire; (en)literary critic", "created": "2015-06-04T23:46:25.495Z", "notes": "", "used_in": [], "modified": "2015-06-05T15:43:09.176Z"}, "model": "superlachaise_api.superlachaiseoccupation", "pk": "Q4263842"}, {"fields": {"superlachaise_category": "urbanism", "name": "(fr)architecte; (en)architect", "created": "2015-06-04T23:46:25.891Z", "notes": "", "used_in": [], "modified": "2015-06-05T15:43:09.179Z"}, "model": "superlachaise_api.superlachaiseoccupation", "pk": "Q42973"}, {"fields": {"superlachaise_category": null, "name": "(en)businessperson; (fr)personnalit\u00e9 du monde des affaires", "created": "2015-06-04T23:46:27.209Z", "notes": "", "used_in": [], "modified": "2015-06-05T15:43:09.182Z"}, "model": "superlachaise_api.superlachaiseoccupation", "pk": "Q43845"}, {"fields": {"superlachaise_category": "research", "name": "(fr)anthropologue; (en)anthropologist", "created": "2015-06-04T23:46:25.613Z", "notes": "", "used_in": [], "modified": "2015-06-05T15:43:09.185Z"}, "model": "superlachaise_api.superlachaiseoccupation", "pk": "Q4773904"}, {"fields": {"superlachaise_category": "literature", "name": "(fr)auteur; (en)author", "created": "2015-06-04T23:46:25.285Z", "notes": "", "used_in": [], "modified": "2015-06-05T15:43:09.188Z"}, "model": "superlachaise_api.superlachaiseoccupation", "pk": "Q482980"}, {"fields": {"superlachaise_category": "art", "name": "(fr)artiste; (en)artist", "created": "2015-06-04T23:46:25.456Z", "notes": "", "used_in": [], "modified": "2015-06-05T15:43:09.191Z"}, "model": "superlachaise_api.superlachaiseoccupation", "pk": "Q483501"}, {"fields": {"superlachaise_category": "literature", "name": "(fr)auteur de litt\u00e9rature d'enfance et de jeunesse; (en)children's writer", "created": "2015-06-04T23:46:26.396Z", "notes": "", "used_in": [], "modified": "2015-06-05T15:43:09.193Z"}, "model": "superlachaise_api.superlachaiseoccupation", "pk": "Q4853732"}, {"fields": {"superlachaise_category": "music", "name": "(fr)pianiste; (en)pianist", "created": "2015-06-04T23:46:25.371Z", "notes": "", "used_in": [], "modified": "2015-06-05T15:43:09.196Z"}, "model": "superlachaise_api.superlachaiseoccupation", "pk": "Q486748"}, {"fields": {"superlachaise_category": "music", "name": "(fr)auteur-compositeur-interpr\u00e8te; (en)singer-songwriter", "created": "2015-06-04T23:46:25.411Z", "notes": "", "used_in": [], "modified": "2015-06-05T15:43:09.199Z"}, "model": "superlachaise_api.superlachaiseoccupation", "pk": "Q488205"}, {"fields": {"superlachaise_category": "philosophy", "name": "(en)philosopher; (fr)philosophe", "created": "2015-06-04T23:46:25.341Z", "notes": "", "used_in": [], "modified": "2015-06-05T15:43:09.202Z"}, "model": "superlachaise_api.superlachaiseoccupation", "pk": "Q4964182"}, {"fields": {"superlachaise_category": "literature", "name": "(en)poet; (fr)po\u00e8te", "created": "2015-06-04T23:46:25.389Z", "notes": "", "used_in": [], "modified": "2015-06-05T15:43:09.204Z"}, "model": "superlachaise_api.superlachaiseoccupation", "pk": "Q49757"}, {"fields": {"superlachaise_category": "military", "name": "(en)soldier; (fr)soldat", "created": "2015-06-04T23:46:25.397Z", "notes": "", "used_in": [], "modified": "2015-06-05T15:43:09.207Z"}, "model": "superlachaise_api.superlachaiseoccupation", "pk": "Q4991371"}, {"fields": {"superlachaise_category": "research", "name": "(en)geologist; (fr)g\u00e9ologue", "created": "2015-06-04T23:46:25.729Z", "notes": "", "used_in": [], "modified": "2015-06-05T15:43:09.210Z"}, "model": "superlachaise_api.superlachaiseoccupation", "pk": "Q520549"}, {"fields": {"superlachaise_category": "performing_arts", "name": "(en)dancer; (fr)danseur", "created": "2015-06-04T23:46:26.975Z", "notes": "", "used_in": [], "modified": "2015-06-05T15:51:30.395Z"}, "model": "superlachaise_api.superlachaiseoccupation", "pk": "Q5716684"}, {"fields": {"superlachaise_category": "medias", "name": "(fr)producteur de t\u00e9l\u00e9vision; (en)television producer", "created": "2015-06-04T23:46:25.361Z", "notes": "", "used_in": [], "modified": "2015-06-05T15:43:09.216Z"}, "model": "superlachaise_api.superlachaiseoccupation", "pk": "Q578109"}, {"fields": {"superlachaise_category": "research", "name": "(fr)chimiste; (en)chemist", "created": "2015-06-04T23:46:25.562Z", "notes": "", "used_in": [], "modified": "2015-06-05T15:43:09.219Z"}, "model": "superlachaise_api.superlachaiseoccupation", "pk": "Q593644"}, {"fields": {"superlachaise_category": "literature", "name": "(en)ghostwriter; (fr)n\u00e8gre litt\u00e9raire", "created": "2015-06-04T23:46:26.056Z", "notes": "", "used_in": [], "modified": "2015-06-05T15:43:09.222Z"}, "model": "superlachaise_api.superlachaiseoccupation", "pk": "Q623386"}, {"fields": {"superlachaise_category": null, "name": "(fr)archiviste; (en)archivist", "created": "2015-06-04T23:46:26.437Z", "notes": "", "used_in": [], "modified": "2015-06-05T15:43:09.226Z"}, "model": "superlachaise_api.superlachaiseoccupation", "pk": "Q635734"}, {"fields": {"superlachaise_category": "music", "name": "(en)musician; (fr)musicien", "created": "2015-06-04T23:46:25.883Z", "notes": "", "used_in": [], "modified": "2015-06-05T15:43:09.228Z"}, "model": "superlachaise_api.superlachaiseoccupation", "pk": "Q639669"}, {"fields": {"superlachaise_category": null, "name": "(fr)Corps des ponts et chauss\u00e9es; (en)Corps of Bridges, Waters and Forests", "created": "2015-06-04T23:46:26.816Z", "notes": "", "used_in": [], "modified": "2015-06-05T15:43:09.232Z"}, "model": "superlachaise_api.superlachaiseoccupation", "pk": "Q650012"}, {"fields": {"superlachaise_category": "literature", "name": "(en)novelist; (fr)romancier", "created": "2015-06-04T23:46:25.779Z", "notes": "", "used_in": [], "modified": "2015-06-05T15:43:09.235Z"}, "model": "superlachaise_api.superlachaiseoccupation", "pk": "Q6625963"}, {"fields": {"superlachaise_category": "performing_arts", "name": "(en)mime artist; (fr)mime", "created": "2015-06-04T23:46:25.655Z", "notes": "", "used_in": [], "modified": "2015-06-05T15:51:30.400Z"}, "model": "superlachaise_api.superlachaiseoccupation", "pk": "Q674067"}, {"fields": {"superlachaise_category": null, "name": "(en)construction foreman; (fr)contrema\u00eetre", "created": "2015-06-04T23:46:26.857Z", "notes": "", "used_in": [], "modified": "2015-06-05T15:43:09.241Z"}, "model": "superlachaise_api.superlachaiseoccupation", "pk": "Q691522"}, {"fields": {"superlachaise_category": "politics", "name": "(fr)socialisme; (en)socialism", "created": "2015-06-04T23:46:27.336Z", "notes": "", "used_in": [], "modified": "2015-06-05T15:43:09.244Z"}, "model": "superlachaise_api.superlachaiseoccupation", "pk": "Q7272"}, {"fields": {"superlachaise_category": null, "name": "(fr)a\u00e9ronaute; (en)balloonist", "created": "2015-06-04T23:46:26.827Z", "notes": "", "used_in": [], "modified": "2015-06-05T15:43:09.247Z"}, "model": "superlachaise_api.superlachaiseoccupation", "pk": "Q728425"}, {"fields": {"superlachaise_category": null, "name": "(en,fr)clown", "created": "2015-06-04T23:46:25.662Z", "notes": "", "used_in": [], "modified": "2015-06-05T15:43:09.249Z"}, "model": "superlachaise_api.superlachaiseoccupation", "pk": "Q7358"}, {"fields": {"superlachaise_category": "music", "name": "(en)songwriter; (fr)auteur-compositeur", "created": "2015-06-05T13:21:10.616Z", "notes": "", "used_in": [], "modified": "2015-06-05T15:43:09.252Z"}, "model": "superlachaise_api.superlachaiseoccupation", "pk": "Q753110"}, {"fields": {"superlachaise_category": "performing_arts", "name": "(fr)artiste de rue; (en)street artist", "created": "2015-06-04T23:46:25.718Z", "notes": "", "used_in": [], "modified": "2015-06-05T15:51:30.405Z"}, "model": "superlachaise_api.superlachaiseoccupation", "pk": "Q7622988"}, {"fields": {"superlachaise_category": null, "name": "(en)banker; (fr)banquier", "created": "2015-06-04T23:46:26.248Z", "notes": "", "used_in": [], "modified": "2015-06-05T15:43:09.258Z"}, "model": "superlachaise_api.superlachaiseoccupation", "pk": "Q806798"}, {"fields": {"superlachaise_category": null, "name": "(fr)secr\u00e9taire; (en)secretary", "created": "2015-06-04T23:46:26.036Z", "notes": "", "used_in": [], "modified": "2015-06-05T15:43:09.261Z"}, "model": "superlachaise_api.superlachaiseoccupation", "pk": "Q80687"}, {"fields": {"superlachaise_category": null, "name": "(fr)ing\u00e9nieur; (en)engineer", "created": "2015-06-04T23:46:25.570Z", "notes": "", "used_in": [], "modified": "2015-06-05T15:43:09.265Z"}, "model": "superlachaise_api.superlachaiseoccupation", "pk": "Q81096"}, {"fields": {"superlachaise_category": "politics", "name": "(fr)personnalit\u00e9 politique; (en)politician", "created": "2015-06-04T23:46:25.305Z", "notes": "", "used_in": [], "modified": "2015-06-05T15:43:09.268Z"}, "model": "superlachaise_api.superlachaiseoccupation", "pk": "Q82955"}, {"fields": {"superlachaise_category": "music", "name": "(fr)guitariste; (en)guitarist", "created": "2015-06-04T23:46:25.418Z", "notes": "", "used_in": [], "modified": "2015-06-05T15:43:09.271Z"}, "model": "superlachaise_api.superlachaiseoccupation", "pk": "Q855091"}, {"fields": {"superlachaise_category": null, "name": "(en)Esperantist; (fr)esp\u00e9rantiste", "created": "2015-06-04T23:46:25.795Z", "notes": "", "used_in": [], "modified": "2015-06-05T15:43:09.274Z"}, "model": "superlachaise_api.superlachaiseoccupation", "pk": "Q860918"}, {"fields": {"superlachaise_category": "research", "name": "(en)biologist; (fr)biologiste", "created": "2015-06-04T23:46:25.896Z", "notes": "", "used_in": [], "modified": "2015-06-05T15:43:09.277Z"}, "model": "superlachaise_api.superlachaiseoccupation", "pk": "Q864503"}, {"fields": {"superlachaise_category": "research", "name": "(en)scientist; (fr)scientifique", "created": "2015-06-04T23:46:25.591Z", "notes": "", "used_in": [], "modified": "2015-06-05T15:43:09.281Z"}, "model": "superlachaise_api.superlachaiseoccupation", "pk": "Q901"}, {"fields": {"superlachaise_category": "military", "name": "(fr)espion; (en)spy", "created": "2015-06-05T13:15:12.842Z", "notes": "", "used_in": [], "modified": "2015-06-05T15:43:09.284Z"}, "model": "superlachaise_api.superlachaiseoccupation", "pk": "Q9352089"}, {"fields": {"superlachaise_category": "medias", "name": "(fr)animateur de t\u00e9l\u00e9vision; (en)television presenter", "created": "2015-06-04T23:46:26.538Z", "notes": "", "used_in": [], "modified": "2015-06-05T15:43:09.286Z"}, "model": "superlachaise_api.superlachaiseoccupation", "pk": "Q947873"}]